Authors;Title;Yearofpublication;Journal;index_no;substudy_identifyer;domain;targetbehavior;udc;acc;ddc;unit;direction;significance;disclosure;visibil;state;purpo;custom;countryofstudy;field_exp;quality
list of authors;article title;Year of publication;published in ...;numbered eligible studies;numbered substudies that include a type of default nudge;field of behavioral research;behavior asked of individuals;observed target behavior subject to undesirable default condition;observed target behavior subject to active choice condition;observed target behavior subject to desirable default condition;measurement unit of target behavior;desired change in target behavior (increase or decrease);significance level of DDC-intervention (0=not significant, 1=10%-level, 2=5% lev;1=intention to influence is disclosed with default, 0=if not;1=environmentally integrated default, 0=if not;reference state/control group, 0=UDC, 1=ACC;intervention purpose has social goal vs. solely pro decision-maker goals 0=socia;1=customized default, 0=if not;country of study;1=Field Experiment, 0=Lab or Online Experiment;overall score on quaility checklist (Downs and Black 1998)
"Bruns, Hendrik; Kantorowicz-Reznichenko, Elena; Klement, Katharina; Jonsson, Marijane Luistro; Rahali, Bilel";Can nudges be transparent and yet effective?;2018;JOURNAL OF ECONOMIC PSYCHOLOGY;1;1;Charity;charitable giving;;2;3;€;increase;2;1;0;1;0;0;NL and GER;Lab or Online Experiment;16
"Bruns, Hendrik; Kantorowicz-Reznichenko, Elena; Klement, Katharina; Jonsson, Marijane Luistro; Rahali, Bilel";Can nudges be transparent and yet effective?;2018;JOURNAL OF ECONOMIC PSYCHOLOGY;1;2;Charity;charitable giving;;2;3;€;increase;2;1;0;1;0;0;NL and GER;Lab or Online Experiment;16
"Bruns, Hendrik; Kantorowicz-Reznichenko, Elena; Klement, Katharina; Jonsson, Marijane Luistro; Rahali, Bilel";Can nudges be transparent and yet effective?;2018;JOURNAL OF ECONOMIC PSYCHOLOGY;1;3;Charity;charitable giving;;2;3;€;increase;3;1;0;1;0;0;NL and GER;Lab or Online Experiment;16
"Bruns, Hendrik; Kantorowicz-Reznichenko, Elena; Klement, Katharina; Jonsson, Marijane Luistro; Rahali, Bilel";Can nudges be transparent and yet effective?;2018;JOURNAL OF ECONOMIC PSYCHOLOGY;1;4;Charity;charitable giving;;2;3;€;increase;3;0;0;1;0;0;NL and GER;Lab or Online Experiment;16
Briscese, Guglielmo;Generous by default: A field experiment on designing defaults that align  with past behaviour on charitable giving;2019;JOURNAL OF ECONOMIC PSYCHOLOGY;2;1;Charity;Charitable re-lending;0;0;1;%;increase;3;0;0;0;1;0;AUS ;Field Experiment;19
Briscese, Guglielmo;Generous by default: A field experiment on designing defaults that align  with past behaviour on charitable giving;2019;JOURNAL OF ECONOMIC PSYCHOLOGY;2;2;Charity;charitable giving;0;0;1;%;increase;3;0;0;0;0;0;AUS ;Field Experiment;19
"Crow, Kellie; Mathmann, Frank; Greer, Dominique";Got a dollar? Locomotion orientation decreases the effect of defaults on  charitable giving;2019;JOURNAL OF RETAILING AND CONSUMER SERVICES;3;1;Charity;charitable giving (at checkout counter);;1;2;Beta coefficient;increase;2;0;0;1;0;0;USA;Lab or Online Experiment;18
"Fosgaard, Toke R.; Piovesan, Marco";Nudge for (the Public) Good: How Defaults Can Affect Cooperation;2015;PLOS ONE;4;1;Charity;charitable giving (public good game);8;;10;contributed points;increase;3;0;0;0;0;0;DK;Lab or Online Experiment;15
"Ghesla, Claus; Grieder, Manuel; Schmitz, Jan";Nudge for Good? Choice Defaults and Spillover Effects;2019;Frontiers in psychology;5;1;Charity;charitable giving;;0;0;%;increase;1;0;0;1;0;0;SWI;Lab or Online Experiment;15
"Ghesla, Claus; Grieder, Manuel; Schmitz, Jan";Nudge for Good? Choice Defaults and Spillover Effects;2019;Frontiers in psychology;5;2;Charity;charitable giving;;0;1;%;increase;3;0;0;1;0;0;SWI;Lab or Online Experiment;15
"Zarghamee, Homa S.; Messer, Kent D.; Fooks, Jacob R.; Schulze, William D.; Wu";Nudging charitable giving: Three field experiments;2017;Journal of Behavioral and Experimental Economics;6;1;Charity;Charitable giving ;2;;4;USD;increase;3;0;0;0;0;0;USA;Field Experiment;15
"Schulz, Jonathan F.; Thiemann, Petra; Thoni, Christian";Nudging generosity: Choice architecture and cognitive factors in  charitable giving;2018;Journal of Behavioral and Experimental Economics;7;1;Charity;Charitable giving ;;0;0;%;increase;3;0;0;1;0;0;SWI;Lab or Online Experiment;18
"Nelson, Katherine M.; Partelow, Stefan; Schlueter, Achim";Nudging tourists to donate for conservation: Experimental evidence on  soliciting voluntary contributions for coastal management;2019;JOURNAL OF ENVIRONMENTAL MANAGEMENT;8;1;Charity;Charitable giving (on-site, for coastal and marine conservation);;0;0;%;increase;3;0;0;1;0;0;IDN;Field Experiment;18
"Nelson, Katherine M.; Partelow, Stefan; Schlueter, Achim";Nudging tourists to donate for conservation: Experimental evidence on  soliciting voluntary contributions for coastal management;2019;JOURNAL OF ENVIRONMENTAL MANAGEMENT;8;2;Charity;Charitable giving (on-site, for coastal and marine conservation);0;;1;%;increase;3;0;0;0;0;0;IDN;Field Experiment;18
"Nelson, Katherine M.; Partelow, Stefan; Schlueter, Achim";Nudging tourists to donate for conservation: Experimental evidence on  soliciting voluntary contributions for coastal management;2019;JOURNAL OF ENVIRONMENTAL MANAGEMENT;8;3;Charity;Charitable giving (on-site, for coastal and marine conservation);1;0;1;%;increase;3;0;0;0;0;0;IDN;Field Experiment;18
"d’Adda, Giovanna; Capraro, Valerio; Tavoni, Massimo";Push, don’t nudge: Behavioral spillovers and policy instruments;2017;ECONOMICS LETTERS;9;1;Charity;charitable giving (dictator game and PD);;5;6;USD;increase;0;0;0;1;0;0;USA;Lab or Online Experiment;19
"d’Adda, Giovanna; Capraro, Valerio; Tavoni, Massimo";Push, don’t nudge: Behavioral spillovers and policy instruments;2017;ECONOMICS LETTERS;9;2;Charity;charitable giving (dictator game and PD);;5;6;USD (Cents);increase;1;0;0;1;0;0;USA;Lab or Online Experiment;19
"Goswami, Indranil; Urminsky, Oleg";When Should the Ask Be a Nudge? The Effect of Default Amounts on  Charitable Donations;2016;JOURNAL OF MARKETING RESEARCH;10;1;Charity;Charitable giving (donating > 0);;1;1;%;increase;0;0;0;1;0;0;USA;Field Experiment;18
"Goswami, Indranil; Urminsky, Oleg";When Should the Ask Be a Nudge? The Effect of Default Amounts on  Charitable Donations;2016;JOURNAL OF MARKETING RESEARCH;10;2;Charity;Charitable giving (donating > 0);;1;1;%;increase;0;0;0;1;0;0;USA;Field Experiment;18
"Goswami, Indranil; Urminsky, Oleg";When Should the Ask Be a Nudge? The Effect of Default Amounts on  Charitable Donations;2016;JOURNAL OF MARKETING RESEARCH;10;3;Charity;Charitable giving (donating > 0);;1;1;%;increase;2;0;0;1;0;1;USA;Field Experiment;18
"Goswami, Indranil; Urminsky, Oleg";When Should the Ask Be a Nudge? The Effect of Default Amounts on  Charitable Donations;2016;JOURNAL OF MARKETING RESEARCH;10;4;Charity;Charitable giving (donating > 0);;0;0;%;increase;3;1;0;1;0;1;USA;Field Experiment;18
"Goswami, Indranil; Urminsky, Oleg";When Should the Ask Be a Nudge? The Effect of Default Amounts on  Charitable Donations;2016;JOURNAL OF MARKETING RESEARCH;10;5;Charity;Charitable giving (donating > 0);;0;0;%;increase;0;1;0;1;0;1;USA;Field Experiment;18
"Goswami, Indranil; Urminsky, Oleg";When Should the Ask Be a Nudge? The Effect of Default Amounts on  Charitable Donations;2016;JOURNAL OF MARKETING RESEARCH;10;6;Charity;Charitable giving (donating > 0);;1;1;%;increase;2;0;0;1;0;1;USA;Field Experiment;18
"Goswami, Indranil; Urminsky, Oleg";When Should the Ask Be a Nudge? The Effect of Default Amounts on  Charitable Donations;2016;JOURNAL OF MARKETING RESEARCH;10;7;Charity;Charitable giving (donating > 0);;1;1;%;increase;0;0;0;1;0;0;USA;Field Experiment;18
"Goswami, Indranil; Urminsky, Oleg";When Should the Ask Be a Nudge? The Effect of Default Amounts on  Charitable Donations;2016;JOURNAL OF MARKETING RESEARCH;10;8;Charity;Charitable giving (donating > 0);;1;1;%;increase;0;0;0;1;0;1;USA;Field Experiment;18
"Goswami, Indranil; Urminsky, Oleg";When Should the Ask Be a Nudge? The Effect of Default Amounts on  Charitable Donations;2016;JOURNAL OF MARKETING RESEARCH;10;9;Charity;Charitable giving (donating > 0);;1;1;%;increase;3;0;0;1;0;1;USA;Field Experiment;18
"Goswami, Indranil; Urminsky, Oleg";When Should the Ask Be a Nudge? The Effect of Default Amounts on  Charitable Donations;2016;JOURNAL OF MARKETING RESEARCH;10;10;Charity;Charitable giving (donating > 0);;1;1;%;increase;0;0;0;1;0;0;USA;Field Experiment;18
"Goswami, Indranil; Urminsky, Oleg";When Should the Ask Be a Nudge? The Effect of Default Amounts on  Charitable Donations;2016;JOURNAL OF MARKETING RESEARCH;10;11;Charity;Charitable giving (donating > 0);;1;1;%;increase;2;0;0;1;0;1;USA;Field Experiment;18
"Goswami, Indranil; Urminsky, Oleg";When Should the Ask Be a Nudge? The Effect of Default Amounts on  Charitable Donations;2016;JOURNAL OF MARKETING RESEARCH;10;12;Charity;Charitable giving (donating > 0);;1;1;%;increase;2;0;0;1;0;1;USA;Field Experiment;18
"Goswami, Indranil; Urminsky, Oleg";When Should the Ask Be a Nudge? The Effect of Default Amounts on  Charitable Donations;2016;JOURNAL OF MARKETING RESEARCH;10;13;Charity;Charitable giving (donating > 0);;0;1;%;increase;3;0;0;1;0;0;USA;Field Experiment;18
"Goswami, Indranil; Urminsky, Oleg";When Should the Ask Be a Nudge? The Effect of Default Amounts on  Charitable Donations;2016;JOURNAL OF MARKETING RESEARCH;10;14;Charity;Charitable giving (donating > 0);;1;1;%;increase;0;0;0;1;0;0;USA;Field Experiment;18
"Goswami, Indranil; Urminsky, Oleg";When Should the Ask Be a Nudge? The Effect of Default Amounts on  Charitable Donations;2016;JOURNAL OF MARKETING RESEARCH;10;15;Charity;Charitable giving (donating > 0);;0;0;%;increase;0;1;0;1;0;1;USA;Field Experiment;18
"Goswami, Indranil; Urminsky, Oleg";When Should the Ask Be a Nudge? The Effect of Default Amounts on  Charitable Donations;2016;JOURNAL OF MARKETING RESEARCH;10;16;Charity;Charitable giving (donating > 0);;1;1;%;increase;1;0;0;1;0;1;USA;Field Experiment;18
"Goswami, Indranil; Urminsky, Oleg";When Should the Ask Be a Nudge? The Effect of Default Amounts on  Charitable Donations;2016;JOURNAL OF MARKETING RESEARCH;10;17;Charity;Charitable giving (donating > 0);;1;1;%;increase;0;0;0;1;0;0;USA;Field Experiment;18
"Goswami, Indranil; Urminsky, Oleg";When Should the Ask Be a Nudge? The Effect of Default Amounts on  Charitable Donations;2016;JOURNAL OF MARKETING RESEARCH;10;18;Charity;Charitable giving (donating > 0);;1;1;%;increase;1;0;0;1;0;1;USA;Field Experiment;18
"Goswami, Indranil; Urminsky, Oleg";When Should the Ask Be a Nudge? The Effect of Default Amounts on  Charitable Donations;2016;JOURNAL OF MARKETING RESEARCH;10;19;Charity;Charitable giving (donating > 0);;1;1;%;increase;0;0;0;1;0;0;USA;Field Experiment;18
"Goswami, Indranil; Urminsky, Oleg";When Should the Ask Be a Nudge? The Effect of Default Amounts on  Charitable Donations;2016;JOURNAL OF MARKETING RESEARCH;10;20;Charity;Charitable giving (donating > 0);;1;0;%;increase;0;0;0;1;0;0;USA;Field Experiment;18
"Goswami, Indranil; Urminsky, Oleg";When Should the Ask Be a Nudge? The Effect of Default Amounts on  Charitable Donations;2016;JOURNAL OF MARKETING RESEARCH;10;21;Charity;Charitable giving (donating > 0);;1;0;%;increase;0;0;0;1;0;0;USA;Field Experiment;18
"Goswami, Indranil; Urminsky, Oleg";When Should the Ask Be a Nudge? The Effect of Default Amounts on  Charitable Donations;2016;JOURNAL OF MARKETING RESEARCH;10;22;Charity;Charitable giving (donating > 0);;0;0;%;increase;0;0;0;1;0;0;USA;Field Experiment;18
"Goswami, Indranil; Urminsky, Oleg";When Should the Ask Be a Nudge? The Effect of Default Amounts on  Charitable Donations;2016;JOURNAL OF MARKETING RESEARCH;10;23;Charity;Charitable giving (donating > 0);;1;1;%;increase;0;0;0;1;0;0;USA;Field Experiment;18
"Goswami, Indranil; Urminsky, Oleg";When Should the Ask Be a Nudge? The Effect of Default Amounts on  Charitable Donations;2016;JOURNAL OF MARKETING RESEARCH;10;24;Charity;Charitable giving (donating > 0);;1;1;%;increase;1;0;0;1;0;0;USA;Field Experiment;18
"Goswami, Indranil; Urminsky, Oleg";When Should the Ask Be a Nudge? The Effect of Default Amounts on  Charitable Donations;2016;JOURNAL OF MARKETING RESEARCH;10;25;Charity;Charitable giving (donating > 0);;1;1;%;increase;1;0;0;1;0;0;USA;Field Experiment;18
"Goswami, Indranil; Urminsky, Oleg";When Should the Ask Be a Nudge? The Effect of Default Amounts on  Charitable Donations;2016;JOURNAL OF MARKETING RESEARCH;10;26;Charity;Charitable giving (donating > 0);;0;1;%;increase;2;0;0;1;0;0;USA;Field Experiment;18
"Goswami, Indranil; Urminsky, Oleg";When Should the Ask Be a Nudge? The Effect of Default Amounts on  Charitable Donations;2016;JOURNAL OF MARKETING RESEARCH;10;27;Charity;Charitable giving (donating > 0);;0;1;%;increase;3;0;0;1;0;0;USA;Field Experiment;18
"Schneider, David; Klumpe, Johannes; Adam, Martin; Benlian, Alexander";Nudging users into digital service solutions;2019;ELECTRONIC MARKETS;11;1;Digitalization;Selecting the eID ;;0;1;%;increase;3;0;0;1;0;0;USA;Lab or Online Experiment;18
"Schneider, David; Klumpe, Johannes; Adam, Martin; Benlian, Alexander";Nudging users into digital service solutions;2019;ELECTRONIC MARKETS;11;2;Digitalization;Selecting the eID ;;1;1;%;increase;3;0;0;1;0;0;USA;Lab or Online Experiment;18
"Dogruel, Leyla; Joeckel, Sven; Vitak, Jessica";The valuation of privacy premium features for smartphone apps: The  influence of defaults and expert recommendations;2017;COMPUTERS IN HUMAN BEHAVIOR;12;1;Digitalization;increase use of privacy settings;2;2;2;up to 4 times privacy feature purchase;increase;3;0;0;0;1;0;USA;Lab or Online Experiment;18
"Dogruel, Leyla; Joeckel, Sven; Vitak, Jessica";The valuation of privacy premium features for smartphone apps: The  influence of defaults and expert recommendations;2017;COMPUTERS IN HUMAN BEHAVIOR;12;2;Digitalization;increase use of privacy settings;2;2;3;up to 4 times privacy feature purchase;increase;3;0;0;0;1;0;USA;Lab or Online Experiment;18
"Dranseika, Vilius; Piasecki, Jan";Transparent Defaults and Consent for Participation in a Learning Health Care System: An Empirical Study;2020;JOURNAL OF EMPIRICAL RESEARCH ON HUMAN RESEARCH ETHICS;13;1;Digitalization and Health;increase consent to participate in learning health care system;1;;0;%;increase;0;1;0;0;0;0;UK;Lab or Online Experiment;18
"Dranseika, Vilius; Piasecki, Jan";Transparent Defaults and Consent for Participation in a Learning Health Care System: An Empirical Study;2020;JOURNAL OF EMPIRICAL RESEARCH ON HUMAN RESEARCH ETHICS;13;2;Digitalization and Health;increase consent to participate in learning health care system;1;;0;%;increase;1;0;0;0;0;0;UK;Lab or Online Experiment;18
"Theotokis, Aristeidis; Manganari, Emmanouela";The Impact of Choice Architecture on Sustainable Consumer Behavior: The  Role of Guilt;2015;JOURNAL OF BUSINESS ETHICS;14;1;Digitalization and Travel;Increase towel reuse in hotels;5;;5;1-7 Likert Scale;increase;1;0;0;0;0;0;unclear;Field Experiment;17
"Theotokis, Aristeidis; Manganari, Emmanouela";The Impact of Choice Architecture on Sustainable Consumer Behavior: The  Role of Guilt;2015;JOURNAL OF BUSINESS ETHICS;14;2;Digitalization and Travel;Participation in e-statement service;1;1;1;%;increase;2;0;0;0;0;0;unclear;Field Experiment;17
"Theotokis, Aristeidis; Manganari, Emmanouela";The Impact of Choice Architecture on Sustainable Consumer Behavior: The  Role of Guilt;2015;JOURNAL OF BUSINESS ETHICS;14;3;Digitalization and Travel;Increase towel reuse in hotels;4;;5;1-7 Likert Scale;increase;3;0;0;0;0;0;unclear;Field Experiment;17
"Theotokis, Aristeidis; Manganari, Emmanouela";The Impact of Choice Architecture on Sustainable Consumer Behavior: The  Role of Guilt;2015;JOURNAL OF BUSINESS ETHICS;14;4;Digitalization and Travel;Participation in e-bills;4;5;6;1-7 Likert Scale;increase;2;0;0;0;0;0;unclear;Field Experiment;17
"Ang, Xiaoling; Alexandrov, Alexei";Choice Architecture Versus Price: Comparing the Effects of Changes in  the US Student Loan ;2017;JOURNAL OF EMPIRICAL LEGAL STUDIES;15;1;Finance;Uptake of federal student loans as opposed to private;0;;0;%;increase;;0;0;0;1;0;USA;Field Experiment;15
"Hoffmann, Robert; Cam, Marie-Anne; Camilleri, Adrian R.";Deciding to invest responsibly: Choice architecture and demographics in  an incentivised retirement savings experiment;2019;Journal of Behavioral and Experimental Economics;16;1;Finance;increase socially responsible investment (SRI);0;0;;%;increase;3;0;0;0;0;0;AUS;Lab or Online Experiment;19
"Hoffmann, Robert; Cam, Marie-Anne; Camilleri, Adrian R.";Deciding to invest responsibly: Choice architecture and demographics in  an incentivised retirement savings experiment;2019;Journal of Behavioral and Experimental Economics;16;2;Finance;increase socially responsible investment (SRI);0;12;;%;increase;3;0;0;0;0;1;AUS;Lab or Online Experiment;19
"Fonseca, Miguel A.; Grimshaw, Shaun B.";Do Behavioral Nudges in Prepopulated Tax Forms Affect Compliance?  Experimental Evidence with Real Taxpayers;2017;JOURNAL OF PUBLIC POLICY & MARKETING;17;1;Finance;decrease tax non-compliance;;0;0;%;decrease;3;0;0;1;0;0;UK;Lab or Online Experiment;18
"Fonseca, Miguel A.; Grimshaw, Shaun B.";Do Behavioral Nudges in Prepopulated Tax Forms Affect Compliance?  Experimental Evidence with Real Taxpayers;2017;JOURNAL OF PUBLIC POLICY & MARKETING;17;2;Finance;decrease tax non-compliance;1;0;;%;decrease;3;0;0;0;0;0;UK;Lab or Online Experiment;18
"Fonseca, Miguel A.; Grimshaw, Shaun B.";Do Behavioral Nudges in Prepopulated Tax Forms Affect Compliance?  Experimental Evidence with Real Taxpayers;2017;JOURNAL OF PUBLIC POLICY & MARKETING;17;3;Finance;decrease tax non-compliance;;0;0;%;decrease;3;0;0;1;0;0;UK;Lab or Online Experiment;18
Feltz, Adam;Financial Surrogate Decision Making: Lessons from Applied Experimental  Philosophy;2016;SPANISH JOURNAL OF PSYCHOLOGY;18;1;Finance;Improve surrogate financial decisions (payment partially invested in index fund);;1;1;%;increase;3;0;0;1;0;0;USA;Lab or Online Experiment;18
Feltz, Adam;Financial Surrogate Decision Making: Lessons from Applied Experimental  Philosophy;2016;SPANISH JOURNAL OF PSYCHOLOGY;18;2;Finance;Improve surrogate financial decisions (choose annual payment);1;;1;%;increase;3;0;0;0;0;0;USA;Lab or Online Experiment;18
"Camilleri, Adrian R.; Cam, Marie-Anne; Hoffmann, Robert";Nudges and signposts: The effect of smart defaults and pictographic risk  information on retirement saving investment choices;2019;JOURNAL OF BEHAVIORAL DECISION MAKING;19;1;Finance;"Better retirement investments choices (by ""life cycle model"")";0;0;1;%;increase;3;0;0;0;1;1;AUS;Lab or Online Experiment;17
"Brune, Lasse; Gine, Xavier; Goldberg, Jessica; Yang, Dean";Savings defaults and payment delays for cash transfers: Field  experimental evidence from Malawi;2017;JOURNAL OF DEVELOPMENT ECONOMICS;20;1;Finance;increse savings and reduce (temptation) spending;0;;0;%;increase;3;0;1;0;1;0;MAL and ZIM;Field Experiment;19
"Haan, Thomas de; Linde, Jona";‘GOOD NUDGE LULLABY’: CHOICE ARCHITECTURE AND DEFAULT BIAS REINFORCEMENT;2018;ECONOMIC JOURNAL;21;1;Finance;Better investment decisions (maximizing payout);171;;192;Investment points;increase;3;0;0;0;1;0;NL  ;Lab or Online Experiment;18
Loeb et al; The application of optimal defaults to improve elementary school lunch selections: Proof of concept;2018;Journal of School Health;22;1;Food Choices;choose healthier lunch menu;0;;1;%;increase;3;0;0;0;1;0;USA;Field Experiment;18
"Friis, Rasmus; Skov, Laurits Rohden; Olsen, Annemarie; Appleton, Katherine Marie; Saulais, Laure; Dinnella, Caterina; Hartwell";Comparison of three nudge interventions (priming, default option, and perceived variety) to promote vegetable consumption in a self-service buﬀet setting.;2017;Plos One;23;1;Food Choices;increase vegetable intake (healthier);;194;239;gramm;increase;2;0;1;1;1;0;DK;Lab or Online Experiment;17
"Broers, V. J. V.; Van den Broucke, S.; Taverne, C.; Luminet, O.";Default-name and tasting nudges increase salsify soup choice without increasing overall soup choice;2019;APPETITE;24;1;Food Choices;increase Salsify soup purchase;;10;17;%;increase;3;0;0;1;1;0;BEL ;Field Experiment;19
Mikkelsen, B.E., Quinto Romani, A.;Does buffet choice architecture affect intake? The effect of relocating butter at a breakfast buffet on food intake;2017;Journal of Foodservice Business Research;25;1;Food Choices;reduce butter consumption;;1;0;butter SPP uptake ratio per person;decrease;3;0;1;1;0;0;DK;Field Experiment;16
"Campbell-Arvai, Victoria; Arvai, Joseph; Kalof, Linda";Motivating Sustainable Food Choices: The Role of Nudges, Value Orientation, and Information Provision;2012;Environment and Behavior;26;1;Food Choices;choose meat free meal;;0;1;%;increase;3;0;0;1;0;0;USA;Lab or Online Experiment;17
"Campbell-Arvai, Victoria; Arvai, Joseph; Kalof, Linda";Motivating Sustainable Food Choices: The Role of Nudges, Value Orientation, and Information Provision;2012;Environment and Behavior;26;2;Food Choices;choose meat free meal;;0;1;%;increase;3;0;0;1;0;0;USA;Lab or Online Experiment;17
"van Kleef, Ellen; Seijdell, Karen; Vingerhoeds, Monique H.; Wijk, Rene A. de; van Trijp, Hans ";The eﬀect of a default-based nudge on the choice of whole wheat bread;2018;Appetite;27;1;Food Choices;choose whole bread sandwich instead of white bread (healthier);0;;1;%;increase;;0;0;0;1;0;NL;Lab or Online Experiment;15
"Bergeron, Stephane; Doyon, Maurice; Saulais, Laure; Labrecque, JoAnne";Using insights from behavioral economics to nudge individuals towards  healthier choices ;2019;FOOD QUALITY AND PREFERENCE;28;1;Food Choices;choose lighter dessert (healthier);0;;1;%;increase;3;0;0;0;1;0;FR ;Field Experiment;19
"Bergeron, Stephane; Doyon, Maurice; Saulais, Laure; Labrecque, JoAnne";Using insights from behavioral economics to nudge individuals towards  healthier choices ;2019;FOOD QUALITY AND PREFERENCE;28;2;Food Choices;choose lighter dessert (healthier);0;0;1;%;increase;2;0;0;0;1;0;FR ;Field Experiment;19
"Saulais, Laure; Massey, Camille; Perez-Cueto, Federico J. A.; Appleton, Katherine M.; Dinnella";When are “Dish of the Day” nudges most effective to increase  vegetable selection?;2019;FOOD POLICY;29;1;Food Choices;choose vegetable burger;0;0;1;%;increase;2;0;0;0;0;0;FR ;Field Experiment;18
"Saulais, Laure; Massey, Camille; Perez-Cueto, Federico J. A.; Appleton, Katherine M.; Dinnella";When are “Dish of the Day” nudges most effective to increase  vegetable selection?;2019;FOOD POLICY;29;2;Food Choices;choose vegetable burger;;0;1;%;increase;3;0;0;1;0;0;FR ;Field Experiment;18
"Loeb, Katharine L.; Radnitz, Cynthia; Keller, Kathleen; Schwartz, Marlene";The application of defaults to optimize parents' health-based choices for children;2017;Appetite;30;1;Food Choices and Health;increase fitness level of child;0;;1;%;increase;3;0;0;0;1;0;USA;Lab or Online Experiment;15
"Loeb, Katharine L.; Radnitz, Cynthia; Keller, Kathleen; Schwartz, Marlene";The application of defaults to optimize parents' health-based choices for children;2017;Appetite;30;2;Food Choices and Health;choose healthier breakfast menu;0;;1;%;increase;3;0;0;0;1;0;USA;Lab or Online Experiment;15
"Shealy, Tripp; Johnson, Eric; Weber, Elke; Klotz, Leidy; Applegate, Sydney; Ismael, Dalya; Bell, Ruth Greenspan";Providing descriptive norms during engineering design can encourage more  sustainable infrastructure;2018;SUSTAINABLE CITIES AND SOCIETY;31;1;Green Architecture;Increased intended Envision score;1;;1;%;increase;3;0;1;0;0;0;USA;Lab or Online Experiment;14
"Shealy, Tripp; Klotz, Leidy";Well-Endowed Rating Systems: How Modified Defaults Can Lead to More  Sustainable Performance;2015;JOURNAL OF CONSTRUCTION ENGINEERING AND MANAGEMENT;32;1;Green Architecture;Increased intended Envision score;0;;1;%;increase;3;0;1;0;0;0;USA;Field Experiment;17
Ghesla, Claus;Defaults in Green Electricity Markets: Preference Match Not Guaranteed;2017;JOURNAL OF THE ASSOCIATION OF ENVIRONMENTAL AND RESOURCE ECONOMISTS;33;1;Green electricity;100% green energy contract;0;0;0;%;increase;3;0;0;0;0;0;SWI;Lab or Online Experiment;18
Ghesla, Claus;Defaults in Green Electricity Markets: Preference Match Not Guaranteed;2017;JOURNAL OF THE ASSOCIATION OF ENVIRONMENTAL AND RESOURCE ECONOMISTS;33;2;Green electricity;100% green energy contract;0;0;0;%;increase;3;0;0;0;0;0;SWI;Lab or Online Experiment;18
Ghesla, Claus;Defaults in Green Electricity Markets: Preference Match Not Guaranteed;2017;JOURNAL OF THE ASSOCIATION OF ENVIRONMENTAL AND RESOURCE ECONOMISTS;33;3;Green electricity;100% green energy contract;1;1;1;%;increase;3;0;0;0;0;0;SWI;Lab or Online Experiment;18
Ghesla, Claus;Defaults in Green Electricity Markets: Preference Match Not Guaranteed;2017;JOURNAL OF THE ASSOCIATION OF ENVIRONMENTAL AND RESOURCE ECONOMISTS;33;4;Green electricity;100% green energy contract;0;0;1;%;increase;3;0;0;0;0;0;SWI;Lab or Online Experiment;18
Ghesla, Claus;Defaults in Green Electricity Markets: Preference Match Not Guaranteed;2017;JOURNAL OF THE ASSOCIATION OF ENVIRONMENTAL AND RESOURCE ECONOMISTS;33;5;Green electricity;100% green energy contract;0;0;0;%;increase;3;0;0;0;0;0;SWI;Lab or Online Experiment;18
"Ebeling, Felix; Lotz, Sebastian";Domestic uptake of green energy promoted by opt-out tariffs;2015;Nature Climate Change;34;1;Green electricity;100% green energy contract;0;;1;%;increase;3;0;0;0;0;0;GER ;Field Experiment;19
Momsen and Stoerk;From intention to action: Can nudges help consumers to choose renewable energy?;2014;Energy Policy;35;1;Green electricity;50% green energy contract;;0;1;%;increase;2;0;0;1;0;0;GER;Lab or Online Experiment;16
Ölander, F., Thøgersen, J.;Informing Versus Nudging in Environmental Policy;2014;Journal of Consumer Policy;36;1;Green electricity;authorizing smart grid tech;1;;1;%;increase;3;0;0;0;0;0;DK;Lab or Online Experiment;13
Vetter, M., Kutzner, F.;Nudge me if you can - how defaults and attitude strength interact to change behavior;2016;Comprehensive Results in Social Psychology;37;1;Green electricity;choosing green electricity provider;1;;4;odds ratio;increase;3;0;0;0;0;0;GER;Lab or Online Experiment;17
Vetter, M., Kutzner, F.;Nudge me if you can - how defaults and attitude strength interact to change behavior;2016;Comprehensive Results in Social Psychology;37;2;Green electricity;choosing green electricity provider;1;;4;odds ratio;increase;3;0;0;0;0;0;GER;Lab or Online Experiment;17
Ghesla, C., Grieder, M., Schubert, R.;Nudging the poor and the rich – A field study on the distributional effects of green electricity defaults;2020;Energy Economics;38;1;Green electricity;choose more environmentally friendly electricity contract;;28;11;%;increase;;0;0;1;0;0;SWI;Field Experiment;17
"Chung, Adrienne H.; Rimal, Rajiv N.";APPLYING CHOICE ARCHITECTURE PRINCIPLES TO UNDERSTAND HIV TESTING:  FINDINGS FROM MALAWI AND ZIMBABWE;2015;AIDS EDUCATION AND PREVENTION;39;1;Health;increase uptake of HIV testing;;0;1;%;increase;3;0;0;1;0;0;MAL and ZIM;Field Experiment;16
"Chung, Adrienne H.; Rimal, Rajiv N.";APPLYING CHOICE ARCHITECTURE PRINCIPLES TO UNDERSTAND HIV TESTING:  FINDINGS FROM MALAWI AND ZIMBABWE;2015;AIDS EDUCATION AND PREVENTION;39;2;Health;increase uptake of HIV testing;;0;0;%;increase;3;0;0;1;0;0;MAL and ZIM;Field Experiment;16
Beshears, J., Choi, J.J., Laibson, D., Madrian, B.C.;Active choice, implicit defaults, and the incentive to choose;2019;Organizational Behavior and Human Decision Processes;40;1;Health;encourage home delivery for long-term prescription medications;0;;0;%;increase;2;0;0;0;1;0;USA;Field Experiment;17
Arvanitis, A., Kalliris, K., Kaminiotis, K.;Are defaults supportive of autonomy? An examination of nudges under the lens of Self-Determination Theory;2019;Social Science Journal;41;1;Health;Enrollment to a specific Health Insurance plan;;39;58;%;increase;2;0;0;1;1;0;GRE ;Lab or Online Experiment;15
Montoy, J.C.C., Coralic, Z., Herring, A.A., Clattenburg, E.J., Raven, M.C.;Association of Default Electronic Medical Record Settings with Health Care Professional Patterns of Opioid Prescribing in Emergency Departments: A Randomized Quality Improvement Study;2020;JAMA Internal Medicine;42;1;Health;Reduce Opioids prescriptions;;12;20;No. of tablets per prescription (IQR);decrease;3;0;0;1;0;0;USA;Field Experiment;16
Montoy, J.C.C., Coralic, Z., Herring, A.A., Clattenburg, E.J., Raven, M.C.;Association of Default Electronic Medical Record Settings with Health Care Professional Patterns of Opioid Prescribing in Emergency Departments: A Randomized Quality Improvement Study;2020;JAMA Internal Medicine;42;2;Health;Reduce Opioids prescriptions;;12;12;No. of tablets per prescription (IQR);decrease;0;0;0;1;0;0;USA;Field Experiment;16
Montoy, J.C.C., Coralic, Z., Herring, A.A., Clattenburg, E.J., Raven, M.C.;Association of Default Electronic Medical Record Settings with Health Care Professional Patterns of Opioid Prescribing in Emergency Departments: A Randomized Quality Improvement Study;2020;JAMA Internal Medicine;42;3;Health;Reduce Opioids prescriptions;;12;15;No. of tablets per prescription (IQR);decrease;0;0;0;1;0;0;USA;Field Experiment;16
Montoy, J.C.C., Coralic, Z., Herring, A.A., Clattenburg, E.J., Raven, M.C.;Association of Default Electronic Medical Record Settings with Health Care Professional Patterns of Opioid Prescribing in Emergency Departments: A Randomized Quality Improvement Study;2020;JAMA Internal Medicine;42;4;Health;Reduce Opioids prescriptions;;12;14;No. of tablets per prescription (IQR);decrease;0;0;0;1;0;0;USA;Field Experiment;16
Montoy, J.C.C., Coralic, Z., Herring, A.A., Clattenburg, E.J., Raven, M.C.;Association of Default Electronic Medical Record Settings with Health Care Professional Patterns of Opioid Prescribing in Emergency Departments: A Randomized Quality Improvement Study;2020;JAMA Internal Medicine;42;5;Health;Reduce Opioids prescriptions;;12;12;No. of tablets per prescription (IQR);decrease;0;0;0;1;0;0;USA;Field Experiment;16
"Lehmann, Birthe A.; Chapman, Gretchen B.; Franssen, Frits M. E.; Kok, Gerjo; Ruiter, Robert A. C.";Changing the default to promote influenza vaccination among health care  workers;2016;VACCINE;43;1;Health;increase uptake of influenza vaccination (among health care workers);0;;0;%;increase;0;0;0;0;0;0;NL;Field Experiment;20
"Soon, Jason; Traeger, Adrian C.; Elshaug, Adam G.; Cvejic, Erin; Maher, Chris G.; Doust, Jenny A.; Mathieson, Stephanie; McCaffery, Kirsten; Bonner, Carissa";Effect of two behavioural ‘nudging’ interventions on management  decisions for low back pain: a randomised vignette-based study in  general practitioners;2019;BMJ QUALITY & SAFETY;44;1;Health;Decrease practicioner's choice for low value care options;;0;0;%;decrease;3;0;0;1;0;0;AUS;Lab or Online Experiment;18
"Malhotra, Sameer; Cheriff, Adam D.; Gossey, J. Travis; Cole, Curtis ";Effects of an e-Prescribing interface redesign on rates of generic drug  prescribing: exploiting default options;2016;JOURNAL OF THE AMERICAN MEDICAL INFORMATICS ASSOCIATION;45;1;Health;increase use of generic (non-branded) medication;;0;1;%;increase;3;0;0;1;0;0;USA;Field Experiment;19
"Hsu, Chen-Mei; Liang, Li-Lin; Chang, Yun-Te; Juang, Wang-Chuan";Emergency department overcrowding: Quality improvement in a Taiwan  Medical Center;2019;JOURNAL OF THE FORMOSAN MEDICAL ASSOCIATION;46;1;Health;Increase clinic transfer rates;0;;0;%;increase;;0;0;0;0;0;TWN;Field Experiment;15
Venema, T., Kroese, F., De Ridder, D.;I'm still standing: A longitudinal study on the effect of a default nudge;2017;Psychology and Health;47;1;Health;increase standing time at work;0;;0;%;increase;;0;1;0;1;0;NL;Field Experiment;19
"Bourdeaux, Christopher P.; Thomas, Matthew J. C.; Gould, Timothy H.; Malhotra, Gaurav";Increasing compliance with low tidal volume ventilation in the ICU with  two nudge-based interventions: evaluation through intervention  ;2016;BMJ OPEN;48;1;Health;improve medical ventilation settings (low tidal volume (Tve) standard);6;;6;Tve;decrease;;0;1;0;0;0;UK;Field Experiment;18
"Moseley, Alice; Stoker, Gerry";Putting Public Policy Defaults to the Test: The Case of Organ Donor  Registration;2015;INTERNATIONAL PUBLIC MANAGEMENT JOURNAL;49;1;Health;increase willingness to donate organs;0;;0;%;increase;;0;0;0;0;0;UK;Lab or Online Experiment;19
"Probst, C. Adam; Shaffer, Victoria A.; Chan, Y. Raymond";The Effect of Defaults in an Electronic Health Record on Laboratory Test  Ordering Practices for Pediatric Patients;2013;HEALTH PSYCHOLOGY;50;1;Health;Increase number of relevant laboratory tests ordered (decrease irrelevant tests);6;;7;mean no. of very relevant tests;increase;3;0;0;0;0;0;USA;Lab or Online Experiment;16
"Probst, C. Adam; Shaffer, Victoria A.; Chan, Y. Raymond";The Effect of Defaults in an Electronic Health Record on Laboratory Test  Ordering Practices for Pediatric Patients;2013;HEALTH PSYCHOLOGY;50;2;Health;Increase number of relevant laboratory tests ordered (decrease irrelevant tests);6;;7;mean no. of very relevant tests;increase;2;0;0;0;0;1;USA;Lab or Online Experiment;16
Howard-Anderson, J.R., Sexton, M.E., Robichaux, C., Wiley, Z., Varkey, J.B., Suchindran, S., Albrecht, B., Ashley Jones, K., Fridkin, S.K., Jacob, J.T.;The impact of an electronic medical record nudge on reducing testing for hospital-onset Clostridioides difficile infection;2020;Infection Control and Hospital Epidemiology;51;1;Health;reduce total tests for Clostridioides difficile infection;10686;;7008;orders;decrease;3;0;0;0;0;0;USA;Field Experiment;16
Howard-Anderson, J.R., Sexton, M.E., Robichaux, C., Wiley, Z., Varkey, J.B., Suchindran, S., Albrecht, B., Ashley Jones, K., Fridkin, S.K., Jacob, J.T.;The impact of an electronic medical record nudge on reducing testing for hospital-onset Clostridioides difficile infection;2020;Infection Control and Hospital Epidemiology;51;2;Health;reduce inappropriate tests for Clostridioides difficile infection;0;;0;%;decrease;0;0;0;0;0;0;USA;Field Experiment;16
"Patel, Mitesh S.; Volpp, Kevin G.; Small, Dylan S.; Wynne, Craig; Zhu, Jingsan; Yang, Lin; Honeywell, Steven, Jr.; Day, Susan C.";Using Active Choice Within the Electronic Health Record to Increase Influenza Vaccination Rates;2017;JOURNAL OF GENERAL INTERNAL MEDICINE;52;1;Health;increase influenza vaccination rate;28;36;;%;increase;3;0;0;0;0;0;USA;Field Experiment;17
"Patel, Mitesh S.; Volpp, Kevin G.; Small, Dylan S.; Wynn, Craig; Zhu, Jingsan; Yang, Lin; Honeywell, Steven, Jr.; Day, Susan C.";Using active choice within the electronic health record to increase physician ordering and patient completion of high-value cancer screening tests;2016;HEALTHCARE-THE JOURNAL OF DELIVERY SCIENCE AND INNOVATION;53;1;Health;increase in physician ordering of mammography;51;64;;%;increase;3;0;0;0;0;0;USA;Field Experiment;18
"Patel, Mitesh S.; Volpp, Kevin G.; Small, Dylan S.; Wynn, Craig; Zhu, Jingsan; Yang, Lin; Honeywell, Steven, Jr.; Day, Susan C.";Using active choice within the electronic health record to increase physician ordering and patient completion of high-value cancer screening tests;2016;HEALTHCARE-THE JOURNAL OF DELIVERY SCIENCE AND INNOVATION;53;2;Health;increase in physician ordering of colonoscopy;42;49;;%;increase;3;0;0;0;0;0;USA;Field Experiment;18
"Bourdeaux, Christopher P.; Davies, Keith J.; Thomas, Matthew J. C.; Bewley, Jeremy S.; Gould, Timothy H.";Using ‘nudge’ principles for order set design: a before and after  evaluation of an electronic ;2014;BMJ QUALITY & SAFETY;54;1;Health;reduce use of Hydroxethyl starch (can cause renal failure);1;0;;%;decrease;3;0;0;0;0;0;UK;Field Experiment;17
"Bourdeaux, Christopher P.; Davies, Keith J.; Thomas, Matthew J. C.; Bewley, Jeremy S.; Gould, Timothy H.";Using ‘nudge’ principles for order set design: a before and after  evaluation of an electronic ;2014;BMJ QUALITY & SAFETY;54;2;Health;Increase use of chlorhexidine mouthwash (reduces ventilator associated pneumonia) ;;1;1;%;increase;3;0;0;1;0;0;UK;Field Experiment;17
"O’Reilly-Shah, Vikas N.; Easton, George S.; Jabaley, Craig S.; Lynde, Grant ";Variable effectiveness of stepwise implementation of nudge-type  interventions to improve provider compliance with intraoperative ;2018;BMJ QUALITY & SAFETY;55;1;Health;increase lung-protective ventilation (LPV) strategies during anaesthesia;1;;1;%;increase;0;0;1;0;1;0;USA;Field Experiment;20
"O’Reilly-Shah, Vikas N.; Easton, George S.; Jabaley, Craig S.; Lynde, Grant ";Variable effectiveness of stepwise implementation of nudge-type  interventions to improve provider compliance with intraoperative ;2018;BMJ QUALITY & SAFETY;55;2;Health;increase lung-protective ventilation (LPV) strategies during anaesthesia;1;;1;%;increase;3;0;1;0;1;0;USA;Field Experiment;20
Liebig, G., Rommel, J.;Active and Forced Choice for Overcoming Status Quo Bias: A Field Experiment on the Adoption of “No junk mail” Stickers in Berlin, Germany;2014;Journal of Consumer Policy;56;1;Other;attach a sticker on the mailbox;;16;22;%;increase;2;0;1;1;0;0;GER;Field Experiment;17
"Mazar, Nina; Hawkins, Scott A.";Choice architecture in conflicts of interest: Defaults as physical and  psychological barriers to (dis)honesty;2015;JOURNAL OF EXPERIMENTAL SOCIAL PSYCHOLOGY;57;1;Other;reduce systematic cheating;0;0;0;%;decrease;2;0;0;0;0;0;CAN ;Lab or Online Experiment;16
"Paunov, Yavor; Wänke, Michaela; Vogel, Tobias";Ethical defaults: which transparency components can increase the effectiveness of default nudges?;2019;Social Influence;58;1;Other;selecting a longer survey than paid for;;0;1;%;increase;3;1;0;1;0;0;UK;Lab or Online Experiment;16
"Paunov, Yavor; Wänke, Michaela; Vogel, Tobias";Ethical defaults: which transparency components can increase the effectiveness of default nudges?;2019;Social Influence;58;2;Other;selecting a longer survey than paid for;;0;0;%;increase;3;0;0;1;0;0;UK;Lab or Online Experiment;16
"Paunov, Yavor; Wänke, Michaela; Vogel, Tobias";Ethical defaults: which transparency components can increase the effectiveness of default nudges?;2019;Social Influence;58;3;Other;selecting a longer survey than paid for;;0;1;%;increase;3;1;0;1;0;0;UK;Lab or Online Experiment;16
"Paunov, Yavor; Wänke, Michaela; Vogel, Tobias";Ethical defaults: which transparency components can increase the effectiveness of default nudges?;2019;Social Influence;58;4;Other;selecting a longer survey than paid for;;0;1;%;increase;3;1;0;1;0;0;UK;Lab or Online Experiment;16
"Stryja, Carola; Satzger, Gerhard";Digital nudging to overcome cognitive resistance in innovation adoption decisions;2019;The Service Industries Journal;59;1;Travel;Switch  to an e-car after initially choosing petroleum car ;;0;0;%;increase;1;0;0;1;0;0;GER;Lab or Online Experiment;17
"Kesternich, Martin; Roemer, Daniel; Flues, Florens";The power of active choice: Field experimental evidence on repeated  contribution decisions to a carbon offsetting program;2019;EUROPEAN ECONOMIC REVIEW;60;1;Travel;offset CO2 emissions for travel;0;0;;%;increase;3;0;0;0;0;0;GER;Field Experiment;21
Knezevic Cvelbar, L., Grün, B., Dolnicar, S.;“To Clean or Not to Clean?” Reducing Daily Routine Hotel Room Cleaning by Letting Tourists Answer This Question for Themselves;2019;Journal of Travel Research;61;1;Travel;reduce requests for room cleaning in hotels;57;;22;%;decrease;3;0;0;0;0;0;SVN;Field Experiment;19
